{
    "content": [
        {
            "name": "Java",
            "children": [
                {
                    "name": "Basic",
                    "children": [
                        {
                            "name": "Java components",
                            "url": "/java/tutorials/basic/javaComponents"
                        },
                        {
                            "name": "Blocks Execution Order",
                            "url": "/java/tutorials/basic/blocks"
                        },
                        {
                            "name": "Primitives",
                            "url": "/java/tutorials/basic/primitives"
                        }
                    ]
                },
                {
                    "name": "Exception Handling",
                    "children": [
                        {
                            "name": "Exception Basic",
                            "url": "/java/tutorials/exception/exceptionHandlingBasic"
                        },
                        {
                            "name": "Try With Resource",
                            "url": "/java/tutorials/exception/tryWithResource"
                        },
                        {
                            "name": "Custom Exception",
                            "url": "/java/tutorials/exception/customException"
                        }
                    ]
                },
                {
                    "name": "Functional Programming",
                    "children": [
                        {
                            "name": "What is Lambda?",
                            "url": "/java/tutorials/functionalProgramming/lambdaBasic"
                        },
                        {
                            "name": "Method Reference",
                            "url": "/java/tutorials/functionalProgramming/methodReference"
                        },
                        {
                            "name": "Functional Interface",
                            "url": "/java/tutorials/functionalProgramming/functionalInterface"
                        },
                        {
                            "name": "Optional",
                            "url": "/java/tutorials/functionalProgramming/optional"
                        },
                        {
                            "name": "Stream",
                            "url": "/java/tutorials/functionalProgramming/stream"
                        },
                        {
                            "name": "Terminal OPerations",
                            "url": "/java/tutorials/functionalProgramming/streamTerminalOperations"
                        },
                        {
                            "name": "Intermediate Operations",
                            "url": "/java/tutorials/functionalProgramming/streamIntermediateOperations"
                        },
                        {
                            "name": "Primitive Stream",
                            "url": "/java/tutorials/functionalProgramming/primitiveStream"
                        },
                        {
                            "name": "Mapping Stream",
                            "url": "/java/tutorials/functionalProgramming/mappingStream"
                        },
                        {
                            "name": "Optional Primitives",
                            "url": "/java/tutorials/functionalProgramming/optionalPrimitives"
                        },
                        {
                            "name": "Stream Concepts",
                            "url": "/java/tutorials/functionalProgramming/streamConcepts"
                        }
                    ]
                }
            ]
        }
    ]
}